Stock_Name|Date|Stock_Price|IV_30d|Near_Expiry_DTE|Far_Expiry_DTE|Method|N_Stocks|N_Excluded
Lundin Mining Corporation|2024-04-18|127.7|0.3958788672625081|19.0|42.0|interpolated||
Lundin Mining Corporation|2024-04-19|125.8|0.3306038403569131|18.0|41.0|interpolated||
Lundin Mining Corporation|2024-04-22|127.5|0.4922148258772219|17.0|40.0|interpolated||
Lundin Mining Corporation|2024-04-23|119.9|0.3684601508751505|16.0|39.0|interpolated||
Lundin Mining Corporation|2024-04-24|122.0|0.3605723012518581|15.0|38.0|interpolated||
Lundin Mining Corporation|2024-04-25|123.8|0.3649432880334631|14.0|37.0|interpolated||
Lundin Mining Corporation|2024-04-26|127.5|0.3522452541265298|13.0|36.0|interpolated||
Lundin Mining Corporation|2024-04-29|129.4|0.3642759386026082|12.0|35.0|interpolated||
Lundin Mining Corporation|2024-04-30|130.6|0.3462560050672587|11.0|34.0|interpolated||
Lundin Mining Corporation|2024-05-02|119.0|0.3302122511126628|10.0|33.0|interpolated||
Lundin Mining Corporation|2024-05-03|118.9|0.3363858918621777|9.0|32.0|interpolated||
Lundin Mining Corporation|2024-05-06|128.4|0.4927565978916524|8.0|31.0|interpolated||
Lundin Mining Corporation|2024-05-07|125.9|0.325911770868416|7.0|30.0|interpolated||
Lundin Mining Corporation|2024-05-10|128.4|0.3214334321104162|5.0|28.0|interpolated||
Lundin Mining Corporation|2024-05-13|137.5|0.6625990770926427|4.0|27.0|interpolated||
Lundin Mining Corporation|2024-05-14|134.0|0.3321276962848619|3.0|26.0|interpolated||
Lundin Mining Corporation|2024-05-15|131.2|0.3135736012765965|2.0|25.0|interpolated||
Lundin Mining Corporation|2024-05-16|131.9|0.3143393189196059||24.0|nearest_expiry||
Lundin Mining Corporation|2024-05-17|137.5|0.3125965585650004||23.0|nearest_expiry||
Lundin Mining Corporation|2024-05-20|138.5|0.3190978450365833||22.0|nearest_expiry||
Lundin Mining Corporation|2024-05-21|139.2|0.3100668900456565|21.0|41.0|interpolated||
Lundin Mining Corporation|2024-05-22|130.8|0.3087700671671794|20.0|40.0|interpolated||
Lundin Mining Corporation|2024-05-23|128.0|0.3229031643558055|19.0|39.0|interpolated||
Lundin Mining Corporation|2024-05-24|128.8|0.304857742255521|18.0|38.0|interpolated||
Lundin Mining Corporation|2024-05-27|130.6|0.3144001327609901|17.0|37.0|interpolated||
Lundin Mining Corporation|2024-05-28|130.2|0.3155241886734804|16.0|36.0|interpolated||
Lundin Mining Corporation|2024-05-29|127.0|0.2965737254389219|15.0|35.0|interpolated||
Lundin Mining Corporation|2024-05-30|124.3|0.3067970644171585|14.0|34.0|interpolated||
Lundin Mining Corporation|2024-05-31|123.4|0.3078394525241736|13.0|33.0|interpolated||
Lundin Mining Corporation|2024-06-03|121.8|0.1877793939254852|12.0|32.0|interpolated||
Lundin Mining Corporation|2024-06-04|113.7|0.3182992769515667|11.0|31.0|interpolated||
Lundin Mining Corporation|2024-06-05|117.8|0.303971194244031|10.0|30.0|interpolated||
Lundin Mining Corporation|2024-06-07|117.4|0.3046202135980742|9.0|29.0|interpolated||
Lundin Mining Corporation|2024-06-10|118.1|0.3113372255628576|8.0|28.0|interpolated||
Lundin Mining Corporation|2024-06-11|113.5|0.3259561436401267|7.0|27.0|interpolated||
Lundin Mining Corporation|2024-06-12|112.8|0.3191468158460843|6.0|26.0|interpolated||
Lundin Mining Corporation|2024-06-13|112.8|0.3121809262881602|5.0|25.0|interpolated||
Lundin Mining Corporation|2024-06-14|111.3|0.3227157244998526|4.0|24.0|interpolated||
Lundin Mining Corporation|2024-06-17|114.6|0.5099335171445656|3.0|23.0|interpolated||
Lundin Mining Corporation|2024-06-18|110.3|0.3298872328919636|2.0|22.0|interpolated||
Lundin Mining Corporation|2024-06-19|111.7|0.3293633424106711|21.0|41.0|interpolated||
Lundin Mining Corporation|2024-06-20|114.6|0.3262552655575273|20.0|40.0|interpolated||
Lundin Mining Corporation|2024-06-24|119.2|0.4706996912978763|19.0|39.0|interpolated||
Lundin Mining Corporation|2024-06-25|113.9|0.2951191982926444|18.0|38.0|interpolated||
Lundin Mining Corporation|2024-06-26|117.3|0.3004824779239542|17.0|37.0|interpolated||
Lundin Mining Corporation|2024-06-27|116.2|0.3030410160610596|16.0|36.0|interpolated||
Lundin Mining Corporation|2024-06-28|119.2|0.2989749654667705|15.0|35.0|interpolated||
Lundin Mining Corporation|2024-07-01|124.1|0.4126246277028771|14.0|34.0|interpolated||
Lundin Mining Corporation|2024-07-02|117.9|0.2955566558916422|13.0|33.0|interpolated||
Lundin Mining Corporation|2024-07-03|122.9|0.2903794405177786|12.0|32.0|interpolated||
Lundin Mining Corporation|2024-07-04|122.9|0.2963522518998487|11.0|31.0|interpolated||
Lundin Mining Corporation|2024-07-05|124.1|0.2888158407529688|10.0|30.0|interpolated||
Lundin Mining Corporation|2024-07-09|122.7|0.2960197424840068|8.0|28.0|interpolated||
Lundin Mining Corporation|2024-07-10|124.4|0.2849701299750455|7.0|27.0|interpolated||
Lundin Mining Corporation|2024-07-11|121.2|0.2888915456050361|6.0|26.0|interpolated||
Lundin Mining Corporation|2024-07-12|124.1|0.2858516531509785|5.0|25.0|interpolated||
Lundin Mining Corporation|2024-07-15|123.2|0.3022841368080927|4.0|24.0|interpolated||
Lundin Mining Corporation|2024-07-16|120.2|0.2998686939912814|3.0|23.0|interpolated||
Lundin Mining Corporation|2024-07-17|116.2|0.3062474595738474|2.0|22.0|interpolated||
Lundin Mining Corporation|2024-07-18|109.2|0.153445228922571|21.0|46.0|interpolated||
Lundin Mining Corporation|2024-07-19|110.8|0.3242222745866442|20.0|45.0|interpolated||
Lundin Mining Corporation|2024-07-22|109.8|0.3052708742451178|19.0|44.0|interpolated||
Lundin Mining Corporation|2024-07-23|109.1|0.347666833199257|18.0|43.0|interpolated||
Lundin Mining Corporation|2024-07-24|110.3|0.3507802062583041|17.0|42.0|interpolated||
Lundin Mining Corporation|2024-07-25|108.8|0.3493025334639265|16.0|41.0|interpolated||
Lundin Mining Corporation|2024-07-26|109.8|0.3375687338680631|15.0|40.0|interpolated||
Lundin Mining Corporation|2024-07-29|109.0|0.3536147587788317|14.0|39.0|interpolated||
Lundin Mining Corporation|2024-07-30|110.0|0.3245401422568175|13.0|38.0|interpolated||
Lundin Mining Corporation|2024-08-01|104.9|0.341781125990389|11.0|36.0|interpolated||
Lundin Mining Corporation|2024-08-05|96.7|0.4386772339574027|9.0|34.0|interpolated||
Lundin Mining Corporation|2024-08-06|97.15|0.3659415221963026|8.0|33.0|interpolated||
Lundin Mining Corporation|2024-08-07|95.6|0.3524091514353807|7.0|32.0|interpolated||
Lundin Mining Corporation|2024-08-08|95.15|0.3428443560352227|6.0|31.0|interpolated||
Lundin Mining Corporation|2024-08-09|96.7|0.3188710327384557|5.0|30.0|interpolated||
Lundin Mining Corporation|2024-08-12|97.85|0.3549439262074804|4.0|29.0|interpolated||
Lundin Mining Corporation|2024-08-13|96.6|0.3286838395916881|3.0|28.0|interpolated||
Lundin Mining Corporation|2024-08-14|95.25|0.3060769855717322|2.0|27.0|interpolated||
Lundin Mining Corporation|2024-08-15|100.1|0.2980566998998799|1.0|26.0|interpolated||
Lundin Mining Corporation|2024-08-16|97.85|0.3057658360181451||25.0|nearest_expiry||
Lundin Mining Corporation|2024-08-19|104.9|0.5068491646383271||24.0|nearest_expiry||
Lundin Mining Corporation|2024-08-20|100.4|0.2961480377667778||23.0|nearest_expiry||
Lundin Mining Corporation|2024-08-21|102.6|0.2907784002346047||22.0|nearest_expiry||
Lundin Mining Corporation|2024-08-22|100.6|0.2717001766633253|21.0|41.0|interpolated||
Lundin Mining Corporation|2024-08-23|104.9|0.2610838589190903|20.0|40.0|interpolated||
Lundin Mining Corporation|2024-08-26|106.2|0.2121055895455787|19.0|39.0|interpolated||
Lundin Mining Corporation|2024-08-27|107.4|0.2546015135192148|18.0|38.0|interpolated||
Lundin Mining Corporation|2024-08-28|103.5|0.2686074377527369|17.0|37.0|interpolated||
Lundin Mining Corporation|2024-08-29|104.4|0.2464689614097599|16.0|36.0|interpolated||
Lundin Mining Corporation|2024-08-30|104.5|0.2499051643464674|15.0|35.0|interpolated||
Lundin Mining Corporation|2024-09-02|103.7|0.2552146257840097|14.0|34.0|interpolated||
Lundin Mining Corporation|2024-09-04|94.3|0.3437805519378982|12.0|32.0|interpolated||
Lundin Mining Corporation|2024-09-05|92.55|0.3448060406956834|11.0|31.0|interpolated||
Lundin Mining Corporation|2024-09-06|87.5|0.3699079699212426|10.0|30.0|interpolated||
Lundin Mining Corporation|2024-09-09|94.2|0.5755280647949099|9.0|29.0|interpolated||
Lundin Mining Corporation|2024-09-10|87.6|0.3713385099854781|8.0|28.0|interpolated||
Lundin Mining Corporation|2024-09-11|86.9|0.3627157825259104|7.0|27.0|interpolated||
Lundin Mining Corporation|2024-09-12|91.4|0.33381237416244|6.0|26.0|interpolated||
Lundin Mining Corporation|2024-09-13|94.2|0.3384152091705377|5.0|25.0|interpolated||
Lundin Mining Corporation|2024-09-16|98.35|0.5495316196334831|4.0|24.0|interpolated||
Lundin Mining Corporation|2024-09-17|95.3|0.335011277817464|3.0|23.0|interpolated||
Lundin Mining Corporation|2024-09-18|94.5|0.3507389243782032|2.0|22.0|interpolated||
Lundin Mining Corporation|2024-09-19|100.0|0.3068099277056464|21.0|41.0|interpolated||
Lundin Mining Corporation|2024-09-20|98.35|0.367329874614837|20.0|40.0|interpolated||
Lundin Mining Corporation|2024-09-23|108.0|0.6693524730865261|19.0|39.0|interpolated||
Lundin Mining Corporation|2024-09-24|104.0|0.3573753343571397|18.0|38.0|interpolated||
Lundin Mining Corporation|2024-09-25|103.5|0.35360754211689|17.0|37.0|interpolated||
Lundin Mining Corporation|2024-09-26|110.3|0.3519815872083639|16.0|36.0|interpolated||
Lundin Mining Corporation|2024-09-27|108.0|0.3597003797390319|15.0|35.0|interpolated||
Lundin Mining Corporation|2024-09-30|110.1|0.473876279842442|14.0|34.0|interpolated||
Lundin Mining Corporation|2024-10-01|106.3|0.3922187991168082|13.0|33.0|interpolated||
Lundin Mining Corporation|2024-10-02|108.9|0.3673188747700796|12.0|32.0|interpolated||
Lundin Mining Corporation|2024-10-03|106.6|0.3737686767606318|11.0|31.0|interpolated||
Lundin Mining Corporation|2024-10-04|110.1|0.3657368493261151|10.0|30.0|interpolated||
Lundin Mining Corporation|2024-10-07|110.5|0.3875149754989216|9.0|29.0|interpolated||
Lundin Mining Corporation|2024-10-08|103.7|0.3807137664331231|8.0|28.0|interpolated||
Lundin Mining Corporation|2024-10-09|107.1|0.3635570343617804|7.0|27.0|interpolated||
Lundin Mining Corporation|2024-10-10|109.1|0.3639576262042728|6.0|26.0|interpolated||
Lundin Mining Corporation|2024-10-11|110.5|0.3713367809742619|5.0|25.0|interpolated||
Lundin Mining Corporation|2024-10-14|109.4|0.427932398245772|4.0|24.0|interpolated||
Lundin Mining Corporation|2024-10-15|106.4|0.3678627151274787|3.0|23.0|interpolated||
Lundin Mining Corporation|2024-10-16|108.8|0.3690009926534207|2.0|22.0|interpolated||
Lundin Mining Corporation|2024-10-18|109.4|0.3645154787754383|20.0|45.0|interpolated||
Lundin Mining Corporation|2024-10-21|110.3|0.4388605953843574|19.0|44.0|interpolated||
Lundin Mining Corporation|2024-10-22|108.6|0.3728611522138459|18.0|43.0|interpolated||
Lundin Mining Corporation|2024-10-23|108.7|0.3574778635113724|17.0|42.0|interpolated||
Lundin Mining Corporation|2024-10-24|106.6|0.3695000377690021|16.0|41.0|interpolated||
Lundin Mining Corporation|2024-10-25|110.3|0.3549365834244965|15.0|40.0|interpolated||
Lundin Mining Corporation|2024-10-29|110.0|0.3551623553191138|13.0|38.0|interpolated||
Lundin Mining Corporation|2024-11-01|105.4|0.4149028753548184|10.0|35.0|interpolated||
Lundin Mining Corporation|2024-11-07|109.8|0.3419820981574648|6.0|31.0|interpolated||
Lundin Mining Corporation|2024-11-08|106.1|0.3412757863247882|5.0|30.0|interpolated||
Lundin Mining Corporation|2024-11-11|106.1|0.3311981017063782|4.0|29.0|interpolated||
Lundin Mining Corporation|2024-11-12|104.9|0.3516947074358307|3.0|28.0|interpolated||
Lundin Mining Corporation|2024-11-13|103.0|0.3565303691161072|2.0|27.0|interpolated||
Lundin Mining Corporation|2024-11-14|101.7|0.3480118560322347||26.0|nearest_expiry||
Lundin Mining Corporation|2024-11-15|106.1|0.3610685214949973||25.0|nearest_expiry||
Lundin Mining Corporation|2024-11-18|110.9|0.4251101486917284||24.0|nearest_expiry||
Lundin Mining Corporation|2024-11-19|110.4|0.345418472169346||23.0|nearest_expiry||
Lundin Mining Corporation|2024-11-20|112.2|0.3350834524835639||22.0|nearest_expiry||
Lundin Mining Corporation|2024-11-21|111.3|0.3352554370464099|21.0|35.0|interpolated||
Lundin Mining Corporation|2024-11-22|110.9|0.3321358880241234|20.0|34.0|interpolated||
Lundin Mining Corporation|2024-11-26|108.4|0.343373524463277|18.0|32.0|interpolated||
Lundin Mining Corporation|2024-11-27|106.9|0.3349804258535638|17.0|31.0|interpolated||
Lundin Mining Corporation|2024-11-28|106.6|0.3278554768502015|16.0|30.0|interpolated||
Lundin Mining Corporation|2024-11-29|106.6|0.3267206931422424|15.0|29.0|interpolated||
Lundin Mining Corporation|2024-12-02|107.2|0.3261979729626358|14.0|28.0|interpolated||
Lundin Mining Corporation|2024-12-03|109.0|0.3151829393279426|13.0|27.0|interpolated||
Lundin Mining Corporation|2024-12-04|108.6|0.2999214617806867|12.0|26.0|interpolated||
Lundin Mining Corporation|2024-12-05|108.4|0.30271887848958|11.0|25.0|interpolated||
Lundin Mining Corporation|2024-12-06|107.2|0.2949715232127139|10.0|24.0|interpolated||
Lundin Mining Corporation|2024-12-09|108.8|0.2988742607397636|9.0|23.0|interpolated||
Lundin Mining Corporation|2024-12-10|103.3|0.3147352664953672|8.0|22.0|interpolated||
Lundin Mining Corporation|2024-12-12|99.9|0.305014911332263|20.0|45.0|interpolated||
Lundin Mining Corporation|2024-12-13|98.85|0.2991378222688203|19.0|44.0|interpolated||
Lundin Mining Corporation|2024-12-17|94.1|0.3066706156208069|17.0|42.0|interpolated||
Lundin Mining Corporation|2024-12-18|95.5|0.2999705262731253|16.0|41.0|interpolated||
Lundin Mining Corporation|2024-12-19|93.2|0.3077552020634387|15.0|40.0|interpolated||
Lundin Mining Corporation|2024-12-20|94.8|0.3005964903402612|14.0|39.0|interpolated||
Lundin Mining Corporation|2024-12-27|96.35|0.3086789544629591|12.0|37.0|interpolated||
Lundin Mining Corporation|2024-12-30|95.9|0.3832618547924601|11.0|36.0|interpolated||
Lundin Mining Corporation|2025-01-02|98.6|0.3273955451153684|10.0|35.0|interpolated||
Lundin Mining Corporation|2025-01-03|95.9|0.3337842535027338|9.0|34.0|interpolated||
Lundin Mining Corporation|2025-01-07|98.85|0.3344057500120628|8.0|33.0|interpolated||
Lundin Mining Corporation|2025-01-08|97.3|0.3284877005961224|7.0|32.0|interpolated||
Lundin Mining Corporation|2025-01-09|99.7|0.3207446506502732|6.0|31.0|interpolated||
Lundin Mining Corporation|2025-01-10|98.05|0.3170368154638757|5.0|30.0|interpolated||
Lundin Mining Corporation|2025-01-14|95.4|0.3501468885451362|3.0|28.0|interpolated||
Lundin Mining Corporation|2025-01-15|96.2|0.3281041406861247|2.0|27.0|interpolated||
Lundin Mining Corporation|2025-01-16|97.3|0.3044531320639255|1.0|26.0|interpolated||
Lundin Mining Corporation|2025-01-17|96.1|0.3348613924897196||25.0|nearest_expiry||
Lundin Mining Corporation|2025-01-20|97.9|0.3329721300073471||24.0|nearest_expiry||
Lundin Mining Corporation|2025-01-21|97.7|0.3349200709725227||23.0|nearest_expiry||
Lundin Mining Corporation|2025-01-22|95.5|0.3281452767601842||22.0|nearest_expiry||
Lundin Mining Corporation|2025-01-23|93.05|0.3523327312967187|21.0|41.0|interpolated||
Lundin Mining Corporation|2025-01-24|94.65|0.3408965992595734|20.0|40.0|interpolated||
Lundin Mining Corporation|2025-01-27|91.0|0.350875689485684|19.0|39.0|interpolated||
Lundin Mining Corporation|2025-01-28|88.1|0.362548769461283|18.0|38.0|interpolated||
Lundin Mining Corporation|2025-01-29|90.4|0.3641887282588666|17.0|37.0|interpolated||
Lundin Mining Corporation|2025-01-30|92.95|0.339901959776035|16.0|36.0|interpolated||
Lundin Mining Corporation|2025-01-31|89.3|0.3532160538770054|15.0|35.0|interpolated||
Lundin Mining Corporation|2025-02-03|86.6|0.3759659700046859|14.0|34.0|interpolated||
Lundin Mining Corporation|2025-02-04|89.8|0.3681127654724197|13.0|33.0|interpolated||
Lundin Mining Corporation|2025-02-05|87.45|0.3827090296612617|12.0|32.0|interpolated||
Lundin Mining Corporation|2025-02-06|91.6|0.3661807844089308|11.0|31.0|interpolated||
Lundin Mining Corporation|2025-02-07|93.1|0.3486731156355336|10.0|30.0|interpolated||
Lundin Mining Corporation|2025-02-10|93.6|0.3608129354055859|9.0|29.0|interpolated||
Lundin Mining Corporation|2025-02-11|91.65|0.3509465795113265|8.0|28.0|interpolated||
Lundin Mining Corporation|2025-02-12|93.45|0.3485177220507228|7.0|27.0|interpolated||
Lundin Mining Corporation|2025-02-13|92.7|0.364645152928937|6.0|26.0|interpolated||
Lundin Mining Corporation|2025-02-14|92.5|0.3520216518947261|5.0|25.0|interpolated||
Lundin Mining Corporation|2025-02-18|93.9|0.3727375811678007|3.0|23.0|interpolated||
Lundin Mining Corporation|2025-02-19|93.45|0.3765892245811585|2.0|22.0|interpolated||
Lundin Mining Corporation|2025-02-20|95.0|0.3826819872416867|21.0|39.0|interpolated||
Lundin Mining Corporation|2025-02-21|92.4|0.2607974710329445|20.0|38.0|interpolated||
Lundin Mining Corporation|2025-02-24|89.9|0.3959486141767337|19.0|37.0|interpolated||
Lundin Mining Corporation|2025-02-25|85.9|0.3760597096391599|18.0|36.0|interpolated||
Lundin Mining Corporation|2025-02-26|89.45|0.3683242787297854|17.0|35.0|interpolated||
Lundin Mining Corporation|2025-02-27|87.65|0.3652212551374039|16.0|34.0|interpolated||
Lundin Mining Corporation|2025-02-28|86.4|0.3913589998855005|15.0|33.0|interpolated||
Lundin Mining Corporation|2025-03-03|86.0|0.3843042695679275|14.0|32.0|interpolated||
Lundin Mining Corporation|2025-03-05|84.65|0.3762646481870774|12.0|30.0|interpolated||
Lundin Mining Corporation|2025-03-06|88.2|0.415489050110041|11.0|29.0|interpolated||
Lundin Mining Corporation|2025-03-07|86.35|0.405263324159209|10.0|28.0|interpolated||
Lundin Mining Corporation|2025-03-10|86.0|0.4202412857730378|9.0|27.0|interpolated||
Lundin Mining Corporation|2025-03-11|85.6|0.411297860651623|8.0|26.0|interpolated||
Lundin Mining Corporation|2025-03-12|86.15|0.39765777601452|7.0|25.0|interpolated||
Lundin Mining Corporation|2025-03-13|89.05|0.3833432924955049|6.0|24.0|interpolated||
Lundin Mining Corporation|2025-03-14|89.95|0.3715780733160028|5.0|23.0|interpolated||
Lundin Mining Corporation|2025-03-17|90.25|0.407705237634082|4.0|22.0|interpolated||
Lundin Mining Corporation|2025-03-18|91.95|0.3678148934631276|21.0|40.0|interpolated||
Lundin Mining Corporation|2025-03-19|93.0|0.3618611844855584|20.0|39.0|interpolated||
Lundin Mining Corporation|2025-03-20|91.15|0.3333373063324067|19.0|38.0|interpolated||
Lundin Mining Corporation|2025-03-21|88.1|0.3310240958954469|18.0|37.0|interpolated||
Lundin Mining Corporation|2025-03-24|90.95|0.3436194060907122|17.0|36.0|interpolated||
Lundin Mining Corporation|2025-03-25|92.5|0.3328669667426483|16.0|35.0|interpolated||
Lundin Mining Corporation|2025-03-26|88.7|0.3308318668608629|15.0|34.0|interpolated||
Lundin Mining Corporation|2025-03-27|87.5|0.3285800679987728|14.0|33.0|interpolated||
Lundin Mining Corporation|2025-03-28|83.95|0.3358845457924356|13.0|32.0|interpolated||
Lundin Mining Corporation|2025-03-31|81.2|0.3654530681448557|12.0|31.0|interpolated||
Lundin Mining Corporation|2025-04-01|82.4|0.3437888147352897|11.0|30.0|interpolated||
Lundin Mining Corporation|2025-04-02|82.45|0.3577523672612154|10.0|29.0|interpolated||
Lundin Mining Corporation|2025-04-03|75.45|0.3654867448565764|9.0|28.0|interpolated||
Lundin Mining Corporation|2025-04-04|69.2|0.3285271813762874|8.0|27.0|interpolated||
Lundin Mining Corporation|2025-04-07|67.25|0.536689586583667|7.0|26.0|interpolated||
Lundin Mining Corporation|2025-04-08|68.4|0.4826045583159695|6.0|25.0|interpolated||
Lundin Mining Corporation|2025-04-09|64.45|0.5082142659611956|5.0|24.0|interpolated||
Lundin Mining Corporation|2025-04-10|68.05|0.4628013393193633|4.0|23.0|interpolated||
Lundin Mining Corporation|2025-04-11|70.45|0.4330990495873844|3.0|22.0|interpolated||
Lundin Mining Corporation|2025-04-14|74.25|0.4118273076868609|21.0|43.0|interpolated||
Lundin Mining Corporation|2025-04-15|76.45|0.4095738975875346|20.0|42.0|interpolated||
Lundin Mining Corporation|2025-04-16|76.1|0.3863881636854471|19.0|41.0|interpolated||
Lundin Mining Corporation|2025-04-17|76.1|0.4026839188558717|18.0|40.0|interpolated||
Lundin Mining Corporation|2025-04-22|75.85|0.4168410401159299|17.0|39.0|interpolated||
Lundin Mining Corporation|2025-04-23|81.4|0.3735342967453457|16.0|38.0|interpolated||
Lundin Mining Corporation|2025-04-24|82.85|0.3903781468476038|15.0|37.0|interpolated||
Lundin Mining Corporation|2025-04-25|83.9|0.3826427074317655|14.0|36.0|interpolated||
Lundin Mining Corporation|2025-04-28|82.15|0.3988208250767078|13.0|35.0|interpolated||
Lundin Mining Corporation|2025-04-29|81.9|0.3961008068397512|12.0|34.0|interpolated||
Lundin Mining Corporation|2025-04-30|79.95|0.3997235499265605|11.0|33.0|interpolated||
Lundin Mining Corporation|2025-05-02|81.5|0.356080260444959|10.0|32.0|interpolated||
Lundin Mining Corporation|2025-05-05|82.2|0.3698806521806995|9.0|31.0|interpolated||
Lundin Mining Corporation|2025-05-06|81.35|0.3720496918179627|8.0|30.0|interpolated||
Lundin Mining Corporation|2025-05-07|81.7|0.364592064171983|7.0|29.0|interpolated||
Lundin Mining Corporation|2025-05-08|80.6|0.3490566703185894|6.0|28.0|interpolated||
Lundin Mining Corporation|2025-05-09|82.65|0.3246749159992299|5.0|27.0|interpolated||
Lundin Mining Corporation|2025-05-12|86.75|0.3273807998467081|4.0|26.0|interpolated||
Lundin Mining Corporation|2025-05-13|88.3|0.3148236689047097|3.0|25.0|interpolated||
Lundin Mining Corporation|2025-05-14|88.85|0.3189873817015534|2.0|24.0|interpolated||
Lundin Mining Corporation|2025-05-15|86.65|0.3265696864588362|1.0|23.0|interpolated||
Lundin Mining Corporation|2025-05-16|85.5|0.3164723076683865||22.0|nearest_expiry||
Lundin Mining Corporation|2025-05-19|85.6|0.3105739031622913|21.0|41.0|interpolated||
Lundin Mining Corporation|2025-05-20|86.9|0.3128818714906495|20.0|40.0|interpolated||
Lundin Mining Corporation|2025-05-21|87.85|0.307948081698083|19.0|39.0|interpolated||
Lundin Mining Corporation|2025-05-22|86.4|0.306154383294073|18.0|38.0|interpolated||
Lundin Mining Corporation|2025-05-23|87.4|0.3260510529846936|17.0|37.0|interpolated||
Lundin Mining Corporation|2025-05-26|91.85|0.3154988331341728|16.0|36.0|interpolated||
Lundin Mining Corporation|2025-05-27|93.0|0.3009237647061981|15.0|35.0|interpolated||
Lundin Mining Corporation|2025-05-28|92.5|0.3055846911072954|14.0|34.0|interpolated||
Lundin Mining Corporation|2025-05-30|90.9|0.3203223898081205|13.0|33.0|interpolated||
Lundin Mining Corporation|2025-06-02|91.65|0.3104292959832067|12.0|32.0|interpolated||
Lundin Mining Corporation|2025-06-03|92.9|0.3095781440343362|11.0|31.0|interpolated||
Lundin Mining Corporation|2025-06-04|96.75|0.2867955637336578|10.0|30.0|interpolated||
Lundin Mining Corporation|2025-06-05|100.0|0.2682334634158433|9.0|29.0|interpolated||
Lundin Mining Corporation|2025-06-09|100.4|0.2840814418210432|8.0|28.0|interpolated||
Lundin Mining Corporation|2025-06-10|99.2|0.2825550262518186|7.0|27.0|interpolated||
Lundin Mining Corporation|2025-06-11|97.35|0.2849162224360679|6.0|26.0|interpolated||
Lundin Mining Corporation|2025-06-12|97.35|0.2843022227076591|5.0|25.0|interpolated||
Lundin Mining Corporation|2025-06-13|97.2|0.2810409914438238|4.0|24.0|interpolated||
Lundin Mining Corporation|2025-06-16|98.8|0.2832602718711489|3.0|23.0|interpolated||
Lundin Mining Corporation|2025-06-17|96.65|0.2854450830350077|2.0|22.0|interpolated||
Lundin Mining Corporation|2025-06-18|98.65|0.281367945378886|21.0|41.0|interpolated||
Lundin Mining Corporation|2025-06-19|97.0|0.2817866316355255|20.0|40.0|interpolated||
Lundin Mining Corporation|2025-06-23|96.4|0.2867523094344505|19.0|39.0|interpolated||
Lundin Mining Corporation|2025-06-24|96.3|0.2758155730409134|18.0|38.0|interpolated||
Lundin Mining Corporation|2025-06-25|95.25|0.2774242625950449|17.0|37.0|interpolated||
Lundin Mining Corporation|2025-06-26|101.6|0.2866007213212031|16.0|36.0|interpolated||
Lundin Mining Corporation|2025-06-27|100.5|0.3094332452133586|15.0|35.0|interpolated||
Lundin Mining Corporation|2025-06-30|100.2|0.3014602994682665|14.0|34.0|interpolated||
Lundin Mining Corporation|2025-07-01|100.4|0.3082870198268536|13.0|33.0|interpolated||
Lundin Mining Corporation|2025-07-02|106.4|0.3048024661244817|12.0|32.0|interpolated||
Lundin Mining Corporation|2025-07-03|104.4|0.305493749117748|11.0|31.0|interpolated||
Lundin Mining Corporation|2025-07-04|103.9|0.3118611526234615|10.0|30.0|interpolated||
Lundin Mining Corporation|2025-07-07|103.1|0.3243622887461986|9.0|29.0|interpolated||
Lundin Mining Corporation|2025-07-08|100.3|0.3200043554612227|8.0|28.0|interpolated||
Lundin Mining Corporation|2025-07-09|98.75|0.3079831847477209|7.0|27.0|interpolated||
Lundin Mining Corporation|2025-07-10|98.3|0.3278525355358936|6.0|26.0|interpolated||
Lundin Mining Corporation|2025-07-11|96.4|0.3487133474820328|5.0|25.0|interpolated||
Lundin Mining Corporation|2025-07-14|96.7|0.3571905954585404|4.0|24.0|interpolated||
Lundin Mining Corporation|2025-07-15|96.85|0.3458031422928003|3.0|23.0|interpolated||
Lundin Mining Corporation|2025-07-16|95.7|0.3541245094277531|2.0|22.0|interpolated||
Lundin Mining Corporation|2025-07-17|96.6|0.3477138150019823|21.0|46.0|interpolated||
Lundin Mining Corporation|2025-07-18|97.35|0.3386508403245344|20.0|45.0|interpolated||
Lundin Mining Corporation|2025-07-21|97.6|0.3601044476854249|19.0|44.0|interpolated||
Lundin Mining Corporation|2025-07-22|97.7|0.3547712824299501|18.0|43.0|interpolated||
Lundin Mining Corporation|2025-07-23|99.4|0.3528159002069999|17.0|42.0|interpolated||
Lundin Mining Corporation|2025-07-24|97.85|0.3546298625094481|16.0|41.0|interpolated||
Lundin Mining Corporation|2025-07-25|96.55|0.3480271878227878|15.0|40.0|interpolated||
Lundin Mining Corporation|2025-07-28|96.9|0.3480952985385157|14.0|39.0|interpolated||
Lundin Mining Corporation|2025-07-29|98.0|0.3250863172991659|13.0|38.0|interpolated||
Lundin Mining Corporation|2025-07-30|97.9|0.3313761164871726|12.0|37.0|interpolated||
Lundin Mining Corporation|2025-07-31|98.2|0.3400839991795843|11.0|36.0|interpolated||
Lundin Mining Corporation|2025-08-01|97.5|0.3692796127019195|10.0|35.0|interpolated||
Lundin Mining Corporation|2025-08-04|97.9|0.3645106860525736|9.0|34.0|interpolated||
Lundin Mining Corporation|2025-08-05|100.4|0.364383766957603|8.0|33.0|interpolated||
Lundin Mining Corporation|2025-08-06|98.35|0.3485536890082228|7.0|32.0|interpolated||
Lundin Mining Corporation|2025-08-07|106.5|0.3403143664882221|6.0|31.0|interpolated||
Lundin Mining Corporation|2025-08-08|110.7|0.3370247393975721|5.0|30.0|interpolated||
Lundin Mining Corporation|2025-08-11|108.9|0.3104525103358543|4.0|29.0|interpolated||
Lundin Mining Corporation|2025-08-12|109.7|0.3193351984367755|3.0|28.0|interpolated||
Lundin Mining Corporation|2025-08-13|109.7|0.3025857049044742|2.0|27.0|interpolated||
Lundin Mining Corporation|2025-08-14|107.6|0.2999230419499397|1.0|26.0|interpolated||
Lundin Mining Corporation|2025-08-15|108.4|0.3020738070682267||25.0|nearest_expiry||
Lundin Mining Corporation|2025-08-18|107.1|0.3085988623170739||24.0|nearest_expiry||
Lundin Mining Corporation|2025-08-19|106.1|0.3122394413667707||23.0|nearest_expiry||
Lundin Mining Corporation|2025-08-20|104.1|0.3107668825642301||22.0|nearest_expiry||
Lundin Mining Corporation|2025-08-21|104.7|0.3446582850799707|21.0|41.0|interpolated||
Lundin Mining Corporation|2025-08-22|107.6|0.3094580404566686|20.0|40.0|interpolated||
Lundin Mining Corporation|2025-08-25|109.1|0.3021819190629342|19.0|39.0|interpolated||
Lundin Mining Corporation|2025-08-26|108.7|0.2845727504448783|18.0|38.0|interpolated||
Lundin Mining Corporation|2025-08-27|108.6|0.2891191947806378|17.0|37.0|interpolated||
Lundin Mining Corporation|2025-08-28|108.8|0.2949439427858421|16.0|36.0|interpolated||
Lundin Mining Corporation|2025-08-29|109.3|0.2794326315382602|15.0|35.0|interpolated||
Lundin Mining Corporation|2025-09-01|109.2|0.2936358007062601|14.0|34.0|interpolated||
Lundin Mining Corporation|2025-09-02|107.4|0.2916549898127242|13.0|33.0|interpolated||
Lundin Mining Corporation|2025-09-03|112.7|0.273822107203285|12.0|32.0|interpolated||
Lundin Mining Corporation|2025-09-04|109.5|0.2718698031992027|11.0|31.0|interpolated||
Lundin Mining Corporation|2025-09-05|111.0|0.2746737653050057|10.0|30.0|interpolated||
Lundin Mining Corporation|2025-09-08|109.5|0.2661463722133141|9.0|29.0|interpolated||
Lundin Mining Corporation|2025-09-09|112.3|0.2618205892075361|8.0|28.0|interpolated||
Lundin Mining Corporation|2025-09-10|109.6|0.27581182707075|7.0|27.0|interpolated||
Lundin Mining Corporation|2025-09-11|110.8|0.2670847250382209|6.0|26.0|interpolated||
Lundin Mining Corporation|2025-09-12|111.2|0.2659880478304876|5.0|25.0|interpolated||
Lundin Mining Corporation|2025-09-15|112.5|0.2704314114434101|4.0|24.0|interpolated||
Lundin Mining Corporation|2025-09-16|111.9|0.2639306293042591|3.0|23.0|interpolated||
Lundin Mining Corporation|2025-09-17|110.2|0.2645563873382618|2.0|22.0|interpolated||
Lundin Mining Corporation|2025-09-18|111.1|0.2660796389184189|21.0|46.0|interpolated||
Lundin Mining Corporation|2025-09-19|114.2|0.2520716246467834|20.0|45.0|interpolated||
Lundin Mining Corporation|2025-09-22|116.0|0.2585754540839402|19.0|44.0|interpolated||
Lundin Mining Corporation|2025-09-23|118.4|0.2589368274270131|18.0|43.0|interpolated||
Lundin Mining Corporation|2025-09-24|130.5|0.3257999238284935|17.0|42.0|interpolated||
Lundin Mining Corporation|2025-09-25|130.5|0.317141392970231|16.0|41.0|interpolated||
Lundin Mining Corporation|2025-09-26|133.1|0.3012794884059178|15.0|40.0|interpolated||
Lundin Mining Corporation|2025-09-29|137.8|0.2987113080516754|14.0|39.0|interpolated||
Lundin Mining Corporation|2025-09-30|138.2|0.29521638400105|13.0|38.0|interpolated||
Lundin Mining Corporation|2025-10-01|138.9|0.2777088338398433|12.0|37.0|interpolated||
Lundin Mining Corporation|2025-10-02|138.4|0.2834045765627322|11.0|36.0|interpolated||
Lundin Mining Corporation|2025-10-03|141.4|0.2790897863094771|10.0|35.0|interpolated||
Lundin Mining Corporation|2025-10-06|143.7|0.2810947033436982|9.0|34.0|interpolated||
Lundin Mining Corporation|2025-10-07|142.3|0.2699768655412466|8.0|33.0|interpolated||
Lundin Mining Corporation|2025-10-08|144.4|0.2886103446975813|7.0|32.0|interpolated||
Lundin Mining Corporation|2025-10-09|144.6|0.2705978007318302|6.0|31.0|interpolated||
Lundin Mining Corporation|2025-10-10|144.4|0.2333598536605149|5.0|30.0|interpolated||
Lundin Mining Corporation|2025-10-13|147.3|0.3009131606470418|4.0|29.0|interpolated||
Lundin Mining Corporation|2025-10-14|145.9|0.3302423017843924|3.0|28.0|interpolated||
Lundin Mining Corporation|2025-10-15|148.7|0.3196952019676882|2.0|27.0|interpolated||
Lundin Mining Corporation|2025-10-16|146.1|0.3218805623440589|1.0|26.0|interpolated||
Lundin Mining Corporation|2025-10-17|140.8|0.3312069554016826||25.0|nearest_expiry||
Lundin Mining Corporation|2025-10-20|146.7|0.3158541404459782||24.0|nearest_expiry||
Lundin Mining Corporation|2025-10-21|139.9|0.3830409947336989||23.0|nearest_expiry||
Lundin Mining Corporation|2025-10-22|136.2|0.3563353951525597||22.0|nearest_expiry||
Lundin Mining Corporation|2025-10-23|139.4|0.3705106621009448|21.0|41.0|interpolated||
Lundin Mining Corporation|2025-10-24|138.5|0.3685603283927541|20.0|40.0|interpolated||
Lundin Mining Corporation|2025-10-27|144.1|0.3578014147340976|19.0|39.0|interpolated||
Lundin Mining Corporation|2025-10-28|149.1|0.3741095655278055|18.0|38.0|interpolated||
Lundin Mining Corporation|2025-10-29|157.8|0.370300055553916|17.0|37.0|interpolated||
Lundin Mining Corporation|2025-10-30|152.4|0.3659558327788949|16.0|36.0|interpolated||
Lundin Mining Corporation|2025-10-31|151.9|0.3535642929998137|15.0|35.0|interpolated||
Lundin Mining Corporation|2025-11-03|149.5|0.36016131714529|14.0|34.0|interpolated||
Lundin Mining Corporation|2025-11-04|149.4|0.3677038996118062|13.0|33.0|interpolated||
Lundin Mining Corporation|2025-11-05|152.1|0.3600589730535464|12.0|32.0|interpolated||
Lundin Mining Corporation|2025-11-06|168.2|0.3583548354255313|11.0|31.0|interpolated||
Lundin Mining Corporation|2025-11-07|167.0|0.3573593749223444|10.0|30.0|interpolated||
Lundin Mining Corporation|2025-11-10|173.4|0.349794042859913|9.0|29.0|interpolated||
Lundin Mining Corporation|2025-11-11|171.0|0.3438935490163332|8.0|28.0|interpolated||
Lundin Mining Corporation|2025-11-12|175.0|0.3580702021291624|7.0|27.0|interpolated||
Lundin Mining Corporation|2025-11-13|170.0|0.3477935460384764|6.0|26.0|interpolated||
Lundin Mining Corporation|2025-11-14|173.6|0.3347275652272415|5.0|25.0|interpolated||
Lundin Mining Corporation|2025-11-17|172.4|0.3447400354540164|4.0|24.0|interpolated||
Lundin Mining Corporation|2025-11-18|167.9|0.3393661427295976|3.0|23.0|interpolated||
Lundin Mining Corporation|2025-11-19|173.2|0.3207347155938134|2.0|22.0|interpolated||
Lundin Mining Corporation|2025-11-20|173.1|0.3160662855822075|21.0|35.0|interpolated||
Lundin Mining Corporation|2025-11-21|163.1|0.3237216852785309|20.0|34.0|interpolated||
Lundin Mining Corporation|2025-11-24|168.6|0.3187520771864839|19.0|33.0|interpolated||
Lundin Mining Corporation|2025-11-25|169.4|0.3134267310746921|18.0|32.0|interpolated||
Lundin Mining Corporation|2025-11-26|172.3|0.3118154193521938|17.0|31.0|interpolated||
Lundin Mining Corporation|2025-11-27|171.8|0.3030373011259559|16.0|30.0|interpolated||
Lundin Mining Corporation|2025-11-28|176.5|0.2987743464960471|15.0|29.0|interpolated||
Lundin Mining Corporation|2025-12-01|174.1|0.311060093367067|14.0|28.0|interpolated||
Lundin Mining Corporation|2025-12-02|170.9|0.301081983487697|13.0|27.0|interpolated||
Lundin Mining Corporation|2025-12-03|177.2|0.2949243227495778|12.0|26.0|interpolated||
Lundin Mining Corporation|2025-12-04|181.6|0.292067327049226|11.0|25.0|interpolated||
Lundin Mining Corporation|2025-12-05|175.5|0.2969228626759693|10.0|24.0|interpolated||
Lundin Mining Corporation|2025-12-08|174.6|0.3123111860466433|9.0|23.0|interpolated||
Lundin Mining Corporation|2025-12-09|171.4|0.3072882164900949|8.0|22.0|interpolated||
Lundin Mining Corporation|2025-12-10|177.2|0.3018477694547209|21.0|46.0|interpolated||
Lundin Mining Corporation|2025-12-11|181.0|0.2929167573292845|20.0|45.0|interpolated||
Lundin Mining Corporation|2025-12-12|183.9|0.3301505883459261|19.0|44.0|interpolated||
Lundin Mining Corporation|2025-12-15|186.2|0.3114754077512488|18.0|43.0|interpolated||
Lundin Mining Corporation|2025-12-16|188.2|0.3038500522395906|17.0|42.0|interpolated||
Lundin Mining Corporation|2025-12-17|189.0|0.302407598768135|16.0|41.0|interpolated||
Lundin Mining Corporation|2025-12-18|188.8|0.3087791042779776|15.0|40.0|interpolated||
Lundin Mining Corporation|2025-12-19|189.9|0.2924002497501266|14.0|39.0|interpolated||
Lundin Mining Corporation|2025-12-22|195.3|0.3015177331388862|13.0|38.0|interpolated||
Lundin Mining Corporation|2025-12-23|197.9|0.2970578474568736|12.0|37.0|interpolated||
Lundin Mining Corporation|2025-12-29|194.7|0.3105950737857899|11.0|36.0|interpolated||
Lundin Mining Corporation|2025-12-30|199.3|0.3169171198386084|10.0|35.0|interpolated||
Lundin Mining Corporation|2026-01-02|197.7|0.3350459322707435|9.0|34.0|interpolated||
Lundin Mining Corporation|2026-01-05|206.2|0.3407834668950811|8.0|33.0|interpolated||
Lundin Mining Corporation|2026-01-07|206.0|0.3376363099728064|7.0|32.0|interpolated||
Lundin Mining Corporation|2026-01-08|204.2|0.3413417131616466|6.0|31.0|interpolated||
Lundin Mining Corporation|2026-01-09|216.2|0.3559529624731752||30.0|nearest_expiry||
Lundin Mining Corporation|2026-01-12|224.4|0.3767859272001592|4.0|29.0|interpolated||
Lundin Mining Corporation|2026-01-13|221.6|0.358266308146497|3.0|28.0|interpolated||
Lundin Mining Corporation|2026-01-14|226.2|0.3563398892333517|2.0|27.0|interpolated||
Lundin Mining Corporation|2026-01-15|229.8|0.356325241848063|1.0|26.0|interpolated||
Lundin Mining Corporation|2026-01-16|226.6|0.3549923974125274||25.0|nearest_expiry||
Lundin Mining Corporation|2026-01-19|230.6|0.3853546288334883||24.0|nearest_expiry||
Lundin Mining Corporation|2026-01-20|231.6|0.377289102337015||23.0|nearest_expiry||
Lundin Mining Corporation|2026-01-21|237.2|0.3790145785621095||22.0|nearest_expiry||
Lundin Mining Corporation|2026-01-22|215.2|0.4078666518988174|21.0|41.0|interpolated||
Lundin Mining Corporation|2026-01-23|220.4|0.381506716838701|20.0|40.0|interpolated||
Lundin Mining Corporation|2026-01-26|233.6|0.3980011897978505|19.0|39.0|interpolated||
Lundin Mining Corporation|2026-01-27|230.6|0.4096375997393557|18.0|38.0|interpolated||
Lundin Mining Corporation|2026-01-28|233.8|0.4096180259588395|17.0|37.0|interpolated||
Lundin Mining Corporation|2026-01-29|237.0|0.4362140767789065|16.0|36.0|interpolated||
Lundin Mining Corporation|2026-01-30|229.0|0.4083598185945742|15.0|35.0|interpolated||
Lundin Mining Corporation|2026-02-02|222.4|0.4515354962728132|14.0|34.0|interpolated||
Lundin Mining Corporation|2026-02-03|235.0|0.4679403424171176|13.0|33.0|interpolated||
Lundin Mining Corporation|2026-02-04|223.6|0.4720395293035263|12.0|32.0|interpolated||
Lundin Mining Corporation|2026-02-05|213.4|0.4941681450482311|11.0|31.0|interpolated||
Lundin Mining Corporation|2026-02-06|218.6|0.4767768959494927|10.0|30.0|interpolated||
Lundin Mining Corporation|2026-02-09|227.4|0.4779924234659038|9.0|29.0|interpolated||
Lundin Mining Corporation|2026-02-10|225.0|0.4591461533438263|8.0|28.0|interpolated||
Lundin Mining Corporation|2026-02-11|229.2|0.454830414232542|7.0|27.0|interpolated||
Lundin Mining Corporation|2026-02-12|226.6|0.4468385771381395|6.0|26.0|interpolated||
Lundin Mining Corporation|2026-02-13|229.4|0.4612699032215342|5.0|25.0|interpolated||
Lundin Mining Corporation|2026-02-16|232.2|0.4904122156717498|4.0|24.0|interpolated||
Lundin Mining Corporation|2026-02-17|219.6|0.4627704704635036|3.0|23.0|interpolated||
Lundin Mining Corporation|2026-02-18|230.0|0.4659091543533962|2.0|22.0|interpolated||
Lundin Mining Corporation|2026-02-19|234.2|0.4603808890463218|21.0|39.0|interpolated||
Lundin Mining Corporation|2026-02-20|242.8|0.5124530002181187|20.0||nearest_expiry||
MARKET_IV|2024-04-18|||||market_equal_weight|1.0|0.0
MARKET_IV|2024-04-19|||||market_equal_weight|1.0|0.0
MARKET_IV|2024-04-22|||||market_equal_weight|1.0|0.0
MARKET_IV|2024-04-23|||||market_equal_weight|1.0|0.0
MARKET_IV|2024-04-24|||||market_equal_weight|1.0|0.0
MARKET_IV|2024-04-25|||||market_equal_weight|1.0|0.0
MARKET_IV|2024-04-26|||||market_equal_weight|1.0|0.0
MARKET_IV|2024-04-29|||||market_equal_weight|1.0|0.0
MARKET_IV|2024-04-30|||||market_equal_weight|1.0|0.0
MARKET_IV|2024-05-02|||||market_equal_weight|1.0|0.0
MARKET_IV|2024-05-03|||||market_equal_weight|1.0|0.0
MARKET_IV|2024-05-06|||||market_equal_weight|1.0|0.0
MARKET_IV|2024-05-07|||||market_equal_weight|1.0|0.0
MARKET_IV|2024-05-10|||||market_equal_weight|1.0|0.0
MARKET_IV|2024-05-13|||||market_equal_weight|1.0|0.0
MARKET_IV|2024-05-14|||||market_equal_weight|1.0|0.0
MARKET_IV|2024-05-15|||||market_equal_weight|1.0|0.0
MARKET_IV|2024-05-16|||||market_equal_weight|1.0|0.0
MARKET_IV|2024-05-17|||||market_equal_weight|1.0|0.0
MARKET_IV|2024-05-20|||||market_equal_weight|1.0|0.0
MARKET_IV|2024-05-21|||||market_equal_weight|1.0|0.0
MARKET_IV|2024-05-22|||||market_equal_weight|1.0|0.0
MARKET_IV|2024-05-23|||||market_equal_weight|1.0|0.0
MARKET_IV|2024-05-24|||||market_equal_weight|1.0|0.0
MARKET_IV|2024-05-27|||||market_equal_weight|1.0|0.0
MARKET_IV|2024-05-28|||||market_equal_weight|1.0|0.0
MARKET_IV|2024-05-29|||||market_equal_weight|1.0|0.0
MARKET_IV|2024-05-30|||||market_equal_weight|1.0|0.0
MARKET_IV|2024-05-31|||||market_equal_weight|1.0|0.0
MARKET_IV|2024-06-03|||||market_equal_weight|1.0|0.0
MARKET_IV|2024-06-04|||||market_equal_weight|1.0|0.0
MARKET_IV|2024-06-05|||||market_equal_weight|1.0|0.0
MARKET_IV|2024-06-07|||||market_equal_weight|1.0|0.0
MARKET_IV|2024-06-10|||||market_equal_weight|1.0|0.0
MARKET_IV|2024-06-11|||||market_equal_weight|1.0|0.0
MARKET_IV|2024-06-12|||||market_equal_weight|1.0|0.0
MARKET_IV|2024-06-13|||||market_equal_weight|1.0|0.0
MARKET_IV|2024-06-14|||||market_equal_weight|1.0|0.0
MARKET_IV|2024-06-17|||||market_equal_weight|1.0|0.0
MARKET_IV|2024-06-18|||||market_equal_weight|1.0|0.0
MARKET_IV|2024-06-19|||||market_equal_weight|1.0|0.0
MARKET_IV|2024-06-20|||||market_equal_weight|1.0|0.0
MARKET_IV|2024-06-24|||||market_equal_weight|1.0|0.0
MARKET_IV|2024-06-25|||||market_equal_weight|1.0|0.0
MARKET_IV|2024-06-26|||||market_equal_weight|1.0|0.0
MARKET_IV|2024-06-27|||||market_equal_weight|1.0|0.0
MARKET_IV|2024-06-28|||||market_equal_weight|1.0|0.0
MARKET_IV|2024-07-01|||||market_equal_weight|1.0|0.0
MARKET_IV|2024-07-02|||||market_equal_weight|1.0|0.0
MARKET_IV|2024-07-03|||||market_equal_weight|1.0|0.0
MARKET_IV|2024-07-04|||||market_equal_weight|1.0|0.0
MARKET_IV|2024-07-05|||||market_equal_weight|1.0|0.0
MARKET_IV|2024-07-09|||||market_equal_weight|1.0|0.0
MARKET_IV|2024-07-10|||||market_equal_weight|1.0|0.0
MARKET_IV|2024-07-11|||||market_equal_weight|1.0|0.0
MARKET_IV|2024-07-12|||||market_equal_weight|1.0|0.0
MARKET_IV|2024-07-15|||||market_equal_weight|1.0|0.0
MARKET_IV|2024-07-16|||||market_equal_weight|1.0|0.0
MARKET_IV|2024-07-17|||||market_equal_weight|1.0|0.0
MARKET_IV|2024-07-18|||||market_equal_weight|1.0|0.0
MARKET_IV|2024-07-19|||||market_equal_weight|1.0|0.0
MARKET_IV|2024-07-22|||||market_equal_weight|1.0|0.0
MARKET_IV|2024-07-23|||||market_equal_weight|1.0|0.0
MARKET_IV|2024-07-24|||||market_equal_weight|1.0|0.0
MARKET_IV|2024-07-25|||||market_equal_weight|1.0|0.0
MARKET_IV|2024-07-26|||||market_equal_weight|1.0|0.0
MARKET_IV|2024-07-29|||||market_equal_weight|1.0|0.0
MARKET_IV|2024-07-30|||||market_equal_weight|1.0|0.0
MARKET_IV|2024-08-01|||||market_equal_weight|1.0|0.0
MARKET_IV|2024-08-05|||||market_equal_weight|1.0|0.0
MARKET_IV|2024-08-06|||||market_equal_weight|1.0|0.0
MARKET_IV|2024-08-07|||||market_equal_weight|1.0|0.0
MARKET_IV|2024-08-08|||||market_equal_weight|1.0|0.0
MARKET_IV|2024-08-09|||||market_equal_weight|1.0|0.0
MARKET_IV|2024-08-12|||||market_equal_weight|1.0|0.0
MARKET_IV|2024-08-13|||||market_equal_weight|1.0|0.0
MARKET_IV|2024-08-14|||||market_equal_weight|1.0|0.0
MARKET_IV|2024-08-15|||||market_equal_weight|1.0|0.0
MARKET_IV|2024-08-16|||||market_equal_weight|1.0|0.0
MARKET_IV|2024-08-19|||||market_equal_weight|1.0|0.0
MARKET_IV|2024-08-20|||||market_equal_weight|1.0|0.0
MARKET_IV|2024-08-21|||||market_equal_weight|1.0|0.0
MARKET_IV|2024-08-22|||||market_equal_weight|1.0|0.0
MARKET_IV|2024-08-23|||||market_equal_weight|1.0|0.0
MARKET_IV|2024-08-26|||||market_equal_weight|1.0|0.0
MARKET_IV|2024-08-27|||||market_equal_weight|1.0|0.0
MARKET_IV|2024-08-28|||||market_equal_weight|1.0|0.0
MARKET_IV|2024-08-29|||||market_equal_weight|1.0|0.0
MARKET_IV|2024-08-30|||||market_equal_weight|1.0|0.0
MARKET_IV|2024-09-02|||||market_equal_weight|1.0|0.0
MARKET_IV|2024-09-04|||||market_equal_weight|1.0|0.0
MARKET_IV|2024-09-05|||||market_equal_weight|1.0|0.0
MARKET_IV|2024-09-06|||||market_equal_weight|1.0|0.0
MARKET_IV|2024-09-09|||||market_equal_weight|1.0|0.0
MARKET_IV|2024-09-10|||||market_equal_weight|1.0|0.0
MARKET_IV|2024-09-11|||||market_equal_weight|1.0|0.0
MARKET_IV|2024-09-12|||||market_equal_weight|1.0|0.0
MARKET_IV|2024-09-13|||||market_equal_weight|1.0|0.0
MARKET_IV|2024-09-16|||||market_equal_weight|1.0|0.0
MARKET_IV|2024-09-17|||||market_equal_weight|1.0|0.0
MARKET_IV|2024-09-18|||||market_equal_weight|1.0|0.0
MARKET_IV|2024-09-19|||||market_equal_weight|1.0|0.0
MARKET_IV|2024-09-20|||||market_equal_weight|1.0|0.0
MARKET_IV|2024-09-23|||||market_equal_weight|1.0|0.0
MARKET_IV|2024-09-24|||||market_equal_weight|1.0|0.0
MARKET_IV|2024-09-25|||||market_equal_weight|1.0|0.0
MARKET_IV|2024-09-26|||||market_equal_weight|1.0|0.0
MARKET_IV|2024-09-27|||||market_equal_weight|1.0|0.0
MARKET_IV|2024-09-30|||||market_equal_weight|1.0|0.0
MARKET_IV|2024-10-01|||||market_equal_weight|1.0|0.0
MARKET_IV|2024-10-02|||||market_equal_weight|1.0|0.0
MARKET_IV|2024-10-03|||||market_equal_weight|1.0|0.0
MARKET_IV|2024-10-04|||||market_equal_weight|1.0|0.0
MARKET_IV|2024-10-07|||||market_equal_weight|1.0|0.0
MARKET_IV|2024-10-08|||||market_equal_weight|1.0|0.0
MARKET_IV|2024-10-09|||||market_equal_weight|1.0|0.0
MARKET_IV|2024-10-10|||||market_equal_weight|1.0|0.0
MARKET_IV|2024-10-11|||||market_equal_weight|1.0|0.0
MARKET_IV|2024-10-14|||||market_equal_weight|1.0|0.0
MARKET_IV|2024-10-15|||||market_equal_weight|1.0|0.0
MARKET_IV|2024-10-16|||||market_equal_weight|1.0|0.0
MARKET_IV|2024-10-18|||||market_equal_weight|1.0|0.0
MARKET_IV|2024-10-21|||||market_equal_weight|1.0|0.0
MARKET_IV|2024-10-22|||||market_equal_weight|1.0|0.0
MARKET_IV|2024-10-23|||||market_equal_weight|1.0|0.0
MARKET_IV|2024-10-24|||||market_equal_weight|1.0|0.0
MARKET_IV|2024-10-25|||||market_equal_weight|1.0|0.0
MARKET_IV|2024-10-29|||||market_equal_weight|1.0|0.0
MARKET_IV|2024-11-01|||||market_equal_weight|1.0|0.0
MARKET_IV|2024-11-07|||||market_equal_weight|1.0|0.0
MARKET_IV|2024-11-08|||||market_equal_weight|1.0|0.0
MARKET_IV|2024-11-11|||||market_equal_weight|1.0|0.0
MARKET_IV|2024-11-12|||||market_equal_weight|1.0|0.0
MARKET_IV|2024-11-13|||||market_equal_weight|1.0|0.0
MARKET_IV|2024-11-14|||||market_equal_weight|1.0|0.0
MARKET_IV|2024-11-15|||||market_equal_weight|1.0|0.0
MARKET_IV|2024-11-18|||||market_equal_weight|1.0|0.0
MARKET_IV|2024-11-19|||||market_equal_weight|1.0|0.0
MARKET_IV|2024-11-20|||||market_equal_weight|1.0|0.0
MARKET_IV|2024-11-21|||||market_equal_weight|1.0|0.0
MARKET_IV|2024-11-22|||||market_equal_weight|1.0|0.0
MARKET_IV|2024-11-26|||||market_equal_weight|1.0|0.0
MARKET_IV|2024-11-27|||||market_equal_weight|1.0|0.0
MARKET_IV|2024-11-28|||||market_equal_weight|1.0|0.0
MARKET_IV|2024-11-29|||||market_equal_weight|1.0|0.0
MARKET_IV|2024-12-02|||||market_equal_weight|1.0|0.0
MARKET_IV|2024-12-03|||||market_equal_weight|1.0|0.0
MARKET_IV|2024-12-04|||||market_equal_weight|1.0|0.0
MARKET_IV|2024-12-05|||||market_equal_weight|1.0|0.0
MARKET_IV|2024-12-06|||||market_equal_weight|1.0|0.0
MARKET_IV|2024-12-09|||||market_equal_weight|1.0|0.0
MARKET_IV|2024-12-10|||||market_equal_weight|1.0|0.0
MARKET_IV|2024-12-12|||||market_equal_weight|1.0|0.0
MARKET_IV|2024-12-13|||||market_equal_weight|1.0|0.0
MARKET_IV|2024-12-17|||||market_equal_weight|1.0|0.0
MARKET_IV|2024-12-18|||||market_equal_weight|1.0|0.0
MARKET_IV|2024-12-19|||||market_equal_weight|1.0|0.0
MARKET_IV|2024-12-20|||||market_equal_weight|1.0|0.0
MARKET_IV|2024-12-27|||||market_equal_weight|1.0|0.0
MARKET_IV|2024-12-30|||||market_equal_weight|1.0|0.0
MARKET_IV|2025-01-02|||||market_equal_weight|1.0|0.0
MARKET_IV|2025-01-03|||||market_equal_weight|1.0|0.0
MARKET_IV|2025-01-07|||||market_equal_weight|1.0|0.0
MARKET_IV|2025-01-08|||||market_equal_weight|1.0|0.0
MARKET_IV|2025-01-09|||||market_equal_weight|1.0|0.0
MARKET_IV|2025-01-10|||||market_equal_weight|1.0|0.0
MARKET_IV|2025-01-14|||||market_equal_weight|1.0|0.0
MARKET_IV|2025-01-15|||||market_equal_weight|1.0|0.0
MARKET_IV|2025-01-16|||||market_equal_weight|1.0|0.0
MARKET_IV|2025-01-17|||||market_equal_weight|1.0|0.0
MARKET_IV|2025-01-20|||||market_equal_weight|1.0|0.0
MARKET_IV|2025-01-21|||||market_equal_weight|1.0|0.0
MARKET_IV|2025-01-22|||||market_equal_weight|1.0|0.0
MARKET_IV|2025-01-23|||||market_equal_weight|1.0|0.0
MARKET_IV|2025-01-24|||||market_equal_weight|1.0|0.0
MARKET_IV|2025-01-27|||||market_equal_weight|1.0|0.0
MARKET_IV|2025-01-28|||||market_equal_weight|1.0|0.0
MARKET_IV|2025-01-29|||||market_equal_weight|1.0|0.0
MARKET_IV|2025-01-30|||||market_equal_weight|1.0|0.0
MARKET_IV|2025-01-31|||||market_equal_weight|1.0|0.0
MARKET_IV|2025-02-03|||||market_equal_weight|1.0|0.0
MARKET_IV|2025-02-04|||||market_equal_weight|1.0|0.0
MARKET_IV|2025-02-05|||||market_equal_weight|1.0|0.0
MARKET_IV|2025-02-06|||||market_equal_weight|1.0|0.0
MARKET_IV|2025-02-07|||||market_equal_weight|1.0|0.0
MARKET_IV|2025-02-10|||||market_equal_weight|1.0|0.0
MARKET_IV|2025-02-11|||||market_equal_weight|1.0|0.0
MARKET_IV|2025-02-12|||||market_equal_weight|1.0|0.0
MARKET_IV|2025-02-13|||||market_equal_weight|1.0|0.0
MARKET_IV|2025-02-14|||||market_equal_weight|1.0|0.0
MARKET_IV|2025-02-18|||||market_equal_weight|1.0|0.0
MARKET_IV|2025-02-19|||||market_equal_weight|1.0|0.0
MARKET_IV|2025-02-20|||||market_equal_weight|1.0|0.0
MARKET_IV|2025-02-21|||||market_equal_weight|1.0|0.0
MARKET_IV|2025-02-24|||||market_equal_weight|1.0|0.0
MARKET_IV|2025-02-25|||||market_equal_weight|1.0|0.0
MARKET_IV|2025-02-26|||||market_equal_weight|1.0|0.0
MARKET_IV|2025-02-27|||||market_equal_weight|1.0|0.0
MARKET_IV|2025-02-28|||||market_equal_weight|1.0|0.0
MARKET_IV|2025-03-03|||||market_equal_weight|1.0|0.0
MARKET_IV|2025-03-05|||||market_equal_weight|1.0|0.0
MARKET_IV|2025-03-06|||||market_equal_weight|1.0|0.0
MARKET_IV|2025-03-07|||||market_equal_weight|1.0|0.0
MARKET_IV|2025-03-10|||||market_equal_weight|1.0|0.0
MARKET_IV|2025-03-11|||||market_equal_weight|1.0|0.0
MARKET_IV|2025-03-12|||||market_equal_weight|1.0|0.0
MARKET_IV|2025-03-13|||||market_equal_weight|1.0|0.0
MARKET_IV|2025-03-14|||||market_equal_weight|1.0|0.0
MARKET_IV|2025-03-17|||||market_equal_weight|1.0|0.0
MARKET_IV|2025-03-18|||||market_equal_weight|1.0|0.0
MARKET_IV|2025-03-19|||||market_equal_weight|1.0|0.0
MARKET_IV|2025-03-20|||||market_equal_weight|1.0|0.0
MARKET_IV|2025-03-21|||||market_equal_weight|1.0|0.0
MARKET_IV|2025-03-24|||||market_equal_weight|1.0|0.0
MARKET_IV|2025-03-25|||||market_equal_weight|1.0|0.0
MARKET_IV|2025-03-26|||||market_equal_weight|1.0|0.0
MARKET_IV|2025-03-27|||||market_equal_weight|1.0|0.0
MARKET_IV|2025-03-28|||||market_equal_weight|1.0|0.0
MARKET_IV|2025-03-31|||||market_equal_weight|1.0|0.0
MARKET_IV|2025-04-01|||||market_equal_weight|1.0|0.0
MARKET_IV|2025-04-02|||||market_equal_weight|1.0|0.0
MARKET_IV|2025-04-03|||||market_equal_weight|1.0|0.0
MARKET_IV|2025-04-04|||||market_equal_weight|1.0|0.0
MARKET_IV|2025-04-07|||||market_equal_weight|1.0|0.0
MARKET_IV|2025-04-08|||||market_equal_weight|1.0|0.0
MARKET_IV|2025-04-09|||||market_equal_weight|1.0|0.0
MARKET_IV|2025-04-10|||||market_equal_weight|1.0|0.0
MARKET_IV|2025-04-11|||||market_equal_weight|1.0|0.0
MARKET_IV|2025-04-14|||||market_equal_weight|1.0|0.0
MARKET_IV|2025-04-15|||||market_equal_weight|1.0|0.0
MARKET_IV|2025-04-16|||||market_equal_weight|1.0|0.0
MARKET_IV|2025-04-17|||||market_equal_weight|1.0|0.0
MARKET_IV|2025-04-22|||||market_equal_weight|1.0|0.0
MARKET_IV|2025-04-23|||||market_equal_weight|1.0|0.0
MARKET_IV|2025-04-24|||||market_equal_weight|1.0|0.0
MARKET_IV|2025-04-25|||||market_equal_weight|1.0|0.0
MARKET_IV|2025-04-28|||||market_equal_weight|1.0|0.0
MARKET_IV|2025-04-29|||||market_equal_weight|1.0|0.0
MARKET_IV|2025-04-30|||||market_equal_weight|1.0|0.0
MARKET_IV|2025-05-02|||||market_equal_weight|1.0|0.0
MARKET_IV|2025-05-05|||||market_equal_weight|1.0|0.0
MARKET_IV|2025-05-06|||||market_equal_weight|1.0|0.0
MARKET_IV|2025-05-07|||||market_equal_weight|1.0|0.0
MARKET_IV|2025-05-08|||||market_equal_weight|1.0|0.0
MARKET_IV|2025-05-09|||||market_equal_weight|1.0|0.0
MARKET_IV|2025-05-12|||||market_equal_weight|1.0|0.0
MARKET_IV|2025-05-13|||||market_equal_weight|1.0|0.0
MARKET_IV|2025-05-14|||||market_equal_weight|1.0|0.0
MARKET_IV|2025-05-15|||||market_equal_weight|1.0|0.0
MARKET_IV|2025-05-16|||||market_equal_weight|1.0|0.0
MARKET_IV|2025-05-19|||||market_equal_weight|1.0|0.0
MARKET_IV|2025-05-20|||||market_equal_weight|1.0|0.0
MARKET_IV|2025-05-21|||||market_equal_weight|1.0|0.0
MARKET_IV|2025-05-22|||||market_equal_weight|1.0|0.0
MARKET_IV|2025-05-23|||||market_equal_weight|1.0|0.0
MARKET_IV|2025-05-26|||||market_equal_weight|1.0|0.0
MARKET_IV|2025-05-27|||||market_equal_weight|1.0|0.0
MARKET_IV|2025-05-28|||||market_equal_weight|1.0|0.0
MARKET_IV|2025-05-30|||||market_equal_weight|1.0|0.0
MARKET_IV|2025-06-02|||||market_equal_weight|1.0|0.0
MARKET_IV|2025-06-03|||||market_equal_weight|1.0|0.0
MARKET_IV|2025-06-04|||||market_equal_weight|1.0|0.0
MARKET_IV|2025-06-05|||||market_equal_weight|1.0|0.0
MARKET_IV|2025-06-09|||||market_equal_weight|1.0|0.0
MARKET_IV|2025-06-10|||||market_equal_weight|1.0|0.0
MARKET_IV|2025-06-11|||||market_equal_weight|1.0|0.0
MARKET_IV|2025-06-12|||||market_equal_weight|1.0|0.0
MARKET_IV|2025-06-13|||||market_equal_weight|1.0|0.0
MARKET_IV|2025-06-16|||||market_equal_weight|1.0|0.0
MARKET_IV|2025-06-17|||||market_equal_weight|1.0|0.0
MARKET_IV|2025-06-18|||||market_equal_weight|1.0|0.0
MARKET_IV|2025-06-19|||||market_equal_weight|1.0|0.0
MARKET_IV|2025-06-23|||||market_equal_weight|1.0|0.0
MARKET_IV|2025-06-24|||||market_equal_weight|1.0|0.0
MARKET_IV|2025-06-25|||||market_equal_weight|1.0|0.0
MARKET_IV|2025-06-26|||||market_equal_weight|1.0|0.0
MARKET_IV|2025-06-27|||||market_equal_weight|1.0|0.0
MARKET_IV|2025-06-30|||||market_equal_weight|1.0|0.0
MARKET_IV|2025-07-01|||||market_equal_weight|1.0|0.0
MARKET_IV|2025-07-02|||||market_equal_weight|1.0|0.0
MARKET_IV|2025-07-03|||||market_equal_weight|1.0|0.0
MARKET_IV|2025-07-04|||||market_equal_weight|1.0|0.0
MARKET_IV|2025-07-07|||||market_equal_weight|1.0|0.0
MARKET_IV|2025-07-08|||||market_equal_weight|1.0|0.0
MARKET_IV|2025-07-09|||||market_equal_weight|1.0|0.0
MARKET_IV|2025-07-10|||||market_equal_weight|1.0|0.0
MARKET_IV|2025-07-11|||||market_equal_weight|1.0|0.0
MARKET_IV|2025-07-14|||||market_equal_weight|1.0|0.0
MARKET_IV|2025-07-15|||||market_equal_weight|1.0|0.0
MARKET_IV|2025-07-16|||||market_equal_weight|1.0|0.0
MARKET_IV|2025-07-17|||||market_equal_weight|1.0|0.0
MARKET_IV|2025-07-18|||||market_equal_weight|1.0|0.0
MARKET_IV|2025-07-21|||||market_equal_weight|1.0|0.0
MARKET_IV|2025-07-22|||||market_equal_weight|1.0|0.0
MARKET_IV|2025-07-23|||||market_equal_weight|1.0|0.0
MARKET_IV|2025-07-24|||||market_equal_weight|1.0|0.0
MARKET_IV|2025-07-25|||||market_equal_weight|1.0|0.0
MARKET_IV|2025-07-28|||||market_equal_weight|1.0|0.0
MARKET_IV|2025-07-29|||||market_equal_weight|1.0|0.0
MARKET_IV|2025-07-30|||||market_equal_weight|1.0|0.0
MARKET_IV|2025-07-31|||||market_equal_weight|1.0|0.0
MARKET_IV|2025-08-01|||||market_equal_weight|1.0|0.0
MARKET_IV|2025-08-04|||||market_equal_weight|1.0|0.0
MARKET_IV|2025-08-05|||||market_equal_weight|1.0|0.0
MARKET_IV|2025-08-06|||||market_equal_weight|1.0|0.0
MARKET_IV|2025-08-07|||||market_equal_weight|1.0|0.0
MARKET_IV|2025-08-08|||||market_equal_weight|1.0|0.0
MARKET_IV|2025-08-11|||||market_equal_weight|1.0|0.0
MARKET_IV|2025-08-12|||||market_equal_weight|1.0|0.0
MARKET_IV|2025-08-13|||||market_equal_weight|1.0|0.0
MARKET_IV|2025-08-14|||||market_equal_weight|1.0|0.0
MARKET_IV|2025-08-15|||||market_equal_weight|1.0|0.0
MARKET_IV|2025-08-18|||||market_equal_weight|1.0|0.0
MARKET_IV|2025-08-19|||||market_equal_weight|1.0|0.0
MARKET_IV|2025-08-20|||||market_equal_weight|1.0|0.0
MARKET_IV|2025-08-21|||||market_equal_weight|1.0|0.0
MARKET_IV|2025-08-22|||||market_equal_weight|1.0|0.0
MARKET_IV|2025-08-25|||||market_equal_weight|1.0|0.0
MARKET_IV|2025-08-26|||||market_equal_weight|1.0|0.0
MARKET_IV|2025-08-27|||||market_equal_weight|1.0|0.0
MARKET_IV|2025-08-28|||||market_equal_weight|1.0|0.0
MARKET_IV|2025-08-29|||||market_equal_weight|1.0|0.0
MARKET_IV|2025-09-01|||||market_equal_weight|1.0|0.0
MARKET_IV|2025-09-02|||||market_equal_weight|1.0|0.0
MARKET_IV|2025-09-03|||||market_equal_weight|1.0|0.0
MARKET_IV|2025-09-04|||||market_equal_weight|1.0|0.0
MARKET_IV|2025-09-05|||||market_equal_weight|1.0|0.0
MARKET_IV|2025-09-08|||||market_equal_weight|1.0|0.0
MARKET_IV|2025-09-09|||||market_equal_weight|1.0|0.0
MARKET_IV|2025-09-10|||||market_equal_weight|1.0|0.0
MARKET_IV|2025-09-11|||||market_equal_weight|1.0|0.0
MARKET_IV|2025-09-12|||||market_equal_weight|1.0|0.0
MARKET_IV|2025-09-15|||||market_equal_weight|1.0|0.0
MARKET_IV|2025-09-16|||||market_equal_weight|1.0|0.0
MARKET_IV|2025-09-17|||||market_equal_weight|1.0|0.0
MARKET_IV|2025-09-18|||||market_equal_weight|1.0|0.0
MARKET_IV|2025-09-19|||||market_equal_weight|1.0|0.0
MARKET_IV|2025-09-22|||||market_equal_weight|1.0|0.0
MARKET_IV|2025-09-23|||||market_equal_weight|1.0|0.0
MARKET_IV|2025-09-24|||||market_equal_weight|1.0|0.0
MARKET_IV|2025-09-25|||||market_equal_weight|1.0|0.0
MARKET_IV|2025-09-26|||||market_equal_weight|1.0|0.0
MARKET_IV|2025-09-29|||||market_equal_weight|1.0|0.0
MARKET_IV|2025-09-30|||||market_equal_weight|1.0|0.0
MARKET_IV|2025-10-01|||||market_equal_weight|1.0|0.0
MARKET_IV|2025-10-02|||||market_equal_weight|1.0|0.0
MARKET_IV|2025-10-03|||||market_equal_weight|1.0|0.0
MARKET_IV|2025-10-06|||||market_equal_weight|1.0|0.0
MARKET_IV|2025-10-07|||||market_equal_weight|1.0|0.0
MARKET_IV|2025-10-08|||||market_equal_weight|1.0|0.0
MARKET_IV|2025-10-09|||||market_equal_weight|1.0|0.0
MARKET_IV|2025-10-10|||||market_equal_weight|1.0|0.0
MARKET_IV|2025-10-13|||||market_equal_weight|1.0|0.0
MARKET_IV|2025-10-14|||||market_equal_weight|1.0|0.0
MARKET_IV|2025-10-15|||||market_equal_weight|1.0|0.0
MARKET_IV|2025-10-16|||||market_equal_weight|1.0|0.0
MARKET_IV|2025-10-17|||||market_equal_weight|1.0|0.0
MARKET_IV|2025-10-20|||||market_equal_weight|1.0|0.0
MARKET_IV|2025-10-21|||||market_equal_weight|1.0|0.0
MARKET_IV|2025-10-22|||||market_equal_weight|1.0|0.0
MARKET_IV|2025-10-23|||||market_equal_weight|1.0|0.0
MARKET_IV|2025-10-24|||||market_equal_weight|1.0|0.0
MARKET_IV|2025-10-27|||||market_equal_weight|1.0|0.0
MARKET_IV|2025-10-28|||||market_equal_weight|1.0|0.0
MARKET_IV|2025-10-29|||||market_equal_weight|1.0|0.0
MARKET_IV|2025-10-30|||||market_equal_weight|1.0|0.0
MARKET_IV|2025-10-31|||||market_equal_weight|1.0|0.0
MARKET_IV|2025-11-03|||||market_equal_weight|1.0|0.0
MARKET_IV|2025-11-04|||||market_equal_weight|1.0|0.0
MARKET_IV|2025-11-05|||||market_equal_weight|1.0|0.0
MARKET_IV|2025-11-06|||||market_equal_weight|1.0|0.0
MARKET_IV|2025-11-07|||||market_equal_weight|1.0|0.0
MARKET_IV|2025-11-10|||||market_equal_weight|1.0|0.0
MARKET_IV|2025-11-11|||||market_equal_weight|1.0|0.0
MARKET_IV|2025-11-12|||||market_equal_weight|1.0|0.0
MARKET_IV|2025-11-13|||||market_equal_weight|1.0|0.0
MARKET_IV|2025-11-14|||||market_equal_weight|1.0|0.0
MARKET_IV|2025-11-17|||||market_equal_weight|1.0|0.0
MARKET_IV|2025-11-18|||||market_equal_weight|1.0|0.0
MARKET_IV|2025-11-19|||||market_equal_weight|1.0|0.0
MARKET_IV|2025-11-20|||||market_equal_weight|1.0|0.0
MARKET_IV|2025-11-21|||||market_equal_weight|1.0|0.0
MARKET_IV|2025-11-24|||||market_equal_weight|1.0|0.0
MARKET_IV|2025-11-25|||||market_equal_weight|1.0|0.0
MARKET_IV|2025-11-26|||||market_equal_weight|1.0|0.0
MARKET_IV|2025-11-27|||||market_equal_weight|1.0|0.0
MARKET_IV|2025-11-28|||||market_equal_weight|1.0|0.0
MARKET_IV|2025-12-01|||||market_equal_weight|1.0|0.0
MARKET_IV|2025-12-02|||||market_equal_weight|1.0|0.0
MARKET_IV|2025-12-03|||||market_equal_weight|1.0|0.0
MARKET_IV|2025-12-04|||||market_equal_weight|1.0|0.0
MARKET_IV|2025-12-05|||||market_equal_weight|1.0|0.0
MARKET_IV|2025-12-08|||||market_equal_weight|1.0|0.0
MARKET_IV|2025-12-09|||||market_equal_weight|1.0|0.0
MARKET_IV|2025-12-10|||||market_equal_weight|1.0|0.0
MARKET_IV|2025-12-11|||||market_equal_weight|1.0|0.0
MARKET_IV|2025-12-12|||||market_equal_weight|1.0|0.0
MARKET_IV|2025-12-15|||||market_equal_weight|1.0|0.0
MARKET_IV|2025-12-16|||||market_equal_weight|1.0|0.0
MARKET_IV|2025-12-17|||||market_equal_weight|1.0|0.0
MARKET_IV|2025-12-18|||||market_equal_weight|1.0|0.0
MARKET_IV|2025-12-19|||||market_equal_weight|1.0|0.0
MARKET_IV|2025-12-22|||||market_equal_weight|1.0|0.0
MARKET_IV|2025-12-23|||||market_equal_weight|1.0|0.0
MARKET_IV|2025-12-29|||||market_equal_weight|1.0|0.0
MARKET_IV|2025-12-30|||||market_equal_weight|1.0|0.0
MARKET_IV|2026-01-02|||||market_equal_weight|1.0|0.0
MARKET_IV|2026-01-05|||||market_equal_weight|1.0|0.0
MARKET_IV|2026-01-07|||||market_equal_weight|1.0|0.0
MARKET_IV|2026-01-08|||||market_equal_weight|1.0|0.0
MARKET_IV|2026-01-09|||||market_equal_weight|1.0|0.0
MARKET_IV|2026-01-12|||||market_equal_weight|1.0|0.0
MARKET_IV|2026-01-13|||||market_equal_weight|1.0|0.0
MARKET_IV|2026-01-14|||||market_equal_weight|1.0|0.0
MARKET_IV|2026-01-15|||||market_equal_weight|1.0|0.0
MARKET_IV|2026-01-16|||||market_equal_weight|1.0|0.0
MARKET_IV|2026-01-19|||||market_equal_weight|1.0|0.0
MARKET_IV|2026-01-20|||||market_equal_weight|1.0|0.0
MARKET_IV|2026-01-21|||||market_equal_weight|1.0|0.0
MARKET_IV|2026-01-22|||||market_equal_weight|1.0|0.0
MARKET_IV|2026-01-23|||||market_equal_weight|1.0|0.0
MARKET_IV|2026-01-26|||||market_equal_weight|1.0|0.0
MARKET_IV|2026-01-27|||||market_equal_weight|1.0|0.0
MARKET_IV|2026-01-28|||||market_equal_weight|1.0|0.0
MARKET_IV|2026-01-29|||||market_equal_weight|1.0|0.0
MARKET_IV|2026-01-30|||||market_equal_weight|1.0|0.0
MARKET_IV|2026-02-02|||||market_equal_weight|1.0|0.0
MARKET_IV|2026-02-03|||||market_equal_weight|1.0|0.0
MARKET_IV|2026-02-04|||||market_equal_weight|1.0|0.0
MARKET_IV|2026-02-05|||||market_equal_weight|1.0|0.0
MARKET_IV|2026-02-06|||||market_equal_weight|1.0|0.0
MARKET_IV|2026-02-09|||||market_equal_weight|1.0|0.0
MARKET_IV|2026-02-10|||||market_equal_weight|1.0|0.0
MARKET_IV|2026-02-11|||||market_equal_weight|1.0|0.0
MARKET_IV|2026-02-12|||||market_equal_weight|1.0|0.0
MARKET_IV|2026-02-13|||||market_equal_weight|1.0|0.0
MARKET_IV|2026-02-16|||||market_equal_weight|1.0|0.0
MARKET_IV|2026-02-17|||||market_equal_weight|1.0|0.0
MARKET_IV|2026-02-18|||||market_equal_weight|1.0|0.0
MARKET_IV|2026-02-19|||||market_equal_weight|1.0|0.0
MARKET_IV|2026-02-20|||||market_equal_weight|1.0|0.0
